MAE,Bias,Corr,n
0.3785277578318475,0.3785277578318475,-0.2301265562784955,6000
