MAE,Bias,Corr,n
0.14945422792629146,0.026730002521302774,0.7002829707266967,3000
