model,MAE,Bias,Corr
baseline,0.41090929316996533,0.41090929316996533,-0.27238411613905683
ablated,0.41090929316996533,0.41090929316996533,-0.27238411613905683
