model,MAE,Bias,Corr
baseline,0.14504733545794446,0.041116788618431536,0.6868080764291561
ablated,0.07344165114930022,-0.07338079819552024,0.24155588428871877
