layer,MAE,MSE_logodds,Corr
1,0.166197654899696,0.9862939787195307,0.18460260541812645
2,0.16651092475086376,0.9877672420658012,0.17463721598483722
0,0.16708388479541839,0.9902932218581797,0.18035166497507188
