layer,MAE,MSE_logodds,Corr
2,0.19767273795793108,0.8510789246200307,0.26071631739665246
1,0.1987741846974719,0.8509914484750007,0.27108243126813203
0,0.20064220235624627,0.8589605780325649,0.259327147194462
